board,ref_des,part_number,manufacturer,category,function,interface_package,qty,status,i2c_addr,schematic_sheet,weike_code,weike_match,notes,datasheet
CORE-B,U1,RP2350,Raspberry Pi,MCU,音频主控：I2S NAND USB UAC MIDI IPC,QFN-80,1,已定,,core_mcu,,none,与 APS6404L 配套使用; 蔚科库无,
CORE-B,U2,APS6404L-3SQR-SN,APM/Opi,PSRAM,8MB Octal SPI PSRAM,USON-8,1,已定,,core_mcu,,none,接 RP2350 QSPI; 蔚科库无 Octal PSRAM,
CORE-B,U3,W25N01GV,Winbond,NAND Flash,1Gb SPI NAND 样本存储,WSON-8,1,已定,,core_nand,03000-04000-10000,near,仅 Core 侧访问; RP2350 SPI/QSPI; 驱动复用 feahi_pico W25N; 蔚科备选 GD5F2GM7 2Gb(容量/厂商不同),
CORE-B,Y1,24.576MHz,Generic,晶振,I2S MCLK 时钟源,3225 SMD,1,已定,,core_mcu,04500-50003-04620,near,48kHz×512fs; 库内 SX32Y024576BK1T 3225±10ppm [SP]; 原 HC-49 改 3225,
CORE-B,U4,TBD_3V3_LDO,待定,电源,Core 3.3V LDO → CBI Pin4,SOT-23-5,1,待定,,core_power,03000-01009-02520,near,候选 AP2112K/XC6220; 库内 AZ1117CH-3.3 SOT-223; 备选 ME6210A33M3G 03000-20006-02520,
CORE-B,U5,TBD_DCDC_VBAT,待定,电源,VBAT 降压供 Core 数字,同步 Buck,1,待定,,core_power,03000-23000-00100,near,输入来自 CBI VBAT; 库内 SGM62112-ADJ; 备选 RT8256 03000-08000-10520 [SP],
CORE-B,U6,TBD_USB_ESD,待定,保护,USB-C D+/D- ESD,USBLC6-2 等,1,待定,,core_usb,03000-01001-32520,exact,USB 2.0 Device; USBLC6-2SC6 SOT23-6,
CORE-B,J1,USB-C-16P,待定,连接器,USB 烧录与 UAC,USB-C 16P,1,已定,,core_usb,05000-02000-00100,near,CC 电阻 5.1k; 库内 TYPE-C 16PIN 沉板0.8mm [CS]; 备选 05000-86000-00100 立式16P,
CORE-A,U1,ESP32-S3-WROOM-1-N16R8,Espressif,MCU模块,A 方案对照：16MB Flash+8MB PSRAM 内置,模组,1,已定,,core_mcu,,none,与 CORE-B 二选一; 蔚科库无,
CORE-A,U2,W25N01GV,Winbond,NAND Flash,1Gb SPI NAND,WSON-8,1,已定,,core_nand,03000-04000-10000,near,同 CORE-B,
CORE-A,U4,TBD_3V3_LDO,待定,电源,Core 3.3V LDO,SOT-23-5,1,待定,,core_power,03000-01009-02520,near,同 CORE-B,
CORE-A,U5,TBD_DCDC_VBAT,待定,电源,VBAT 降压,同步 Buck,1,待定,,core_power,03000-23000-00100,near,同 CORE-B,
CORE-A,U6,TBD_USB_ESD,待定,保护,USB ESD,—,1,待定,,core_usb,03000-01001-32520,exact,同 CORE-B,
CORE-A,J1,USB-C-16P,待定,连接器,USB,USB-C 16P,1,已定,,core_usb,05000-02000-00100,near,同 CORE-B,
PERIPH-1,U1,ESP32-C6-MINI-1,Espressif,MCU模块,UI：8080屏 I2C键灯 BLE WiFi IPC,模组 4MB Flash,1,已定,,periph_c6,,none,8080+LVGL; 见 c6_gpio.csv; 蔚科库无,
PERIPH-1,MOD1,TFT020B107-C0,JME,LCD模组,2寸 240×320 IPS 8080 并口,FPC模组,1,已定,,periph_lcd,03300-12000-00100,near,量产固定不可换 SPI; 库内 TFT020B107-L0 同厂近替; 须对 FPC/引脚,
PERIPH-1,MOD1-IC,ST7789P3,Sitronix,LCD驱动,模组内置显示驱动,—,1,模组内置,,periph_lcd,,none,在 TFT 模组内,
PERIPH-1,U2,MS1808,Relmon/瑞盟,ADC,24bit 立体声 ADC Mic/Line 采样,I2S TSSOP-14,1,已定,,periph_audio,03000-04002-10000,exact,Pin兼容 PCM1808; 原理图暂标 PCM1808,hardware/datasheets/MS1808_ADC.pdf
PERIPH-1,U3,MS4344,Relmon/瑞盟,DAC,24bit 立体声 DAC 播放输出,I2S MSOP-10,1,已定,,periph_audio,03000-04001-10000,exact,原理图暂标 CS4344 需改,hardware/datasheets/MS4344_DAC.pdf
PERIPH-1,U4,NE5532DR,TI,运放,Line/Mic 模拟前端 双运放,SOIC-8,4,原理图已有,,periph_audio,03000-03000-13320,near,SmallDSP 参考; 共 8 路; 库内 SGM5532 SOIC-8; 备选 NE5532D 03000-03000-20520 [SP],
PERIPH-1,U12,TBD_CLASS-D-5W,待定,功放,5W Class-D 喇叭驱动,HTSSOP-28 等,1,待定,,periph_audio,03000-15000-00020,near,候选 MAX98357A/PAM8403/TPA3110; 库内 TPA3110D2 [SP]; 备选 TPA3116D2 03000-15001-10720,
PERIPH-1,VR1,TBD_LOG_POT,待定,电位器,模拟音量调节,A10K 对数,1,倾向已定,,periph_audio,01200-24000-00100,near,Codec/DAC 后 功放前; 库内 A10K 立式 RA0919 升威,
PERIPH-1,U13,TCA8418,TI,键盘扫描,I2C 矩阵 26 Pad + 功能键,I2C WQFN-24,1,已定,0x34,periph_ui,,none,5×6 矩阵 30 格用 26; 蔚科库无,
PERIPH-1,U14,IS31FL3733,Lumissil,LED驱动,I2C 20 路 Pad/状态灯,I2C TQFN-28,1,已定,0x55,periph_ui,,none,144 路能力 仅用 20; 蔚科库无(仅有 IS31FL3729 不可替),
PERIPH-1,U15,TBD_BATTERY_CHARGER,待定,PMIC,Li-ion 充电+保护,DFN/ESOP,1,待定,,periph_power,03000-04001-00100,near,候选 TP4056/IP5306/BQ24072; 库内 ETA4056 DFN2x2; 备选 BCT4056A 03000-20001-02720,
PERIPH-1,U16,TBD_BOOST_5V,待定,电源,5V 升压 功放+LCD背光,SOT-23-6,1,待定,,periph_power,03000-16000-42521,near,VBAT 升压; 库内 SGM6603A-ADJ; 备选 SGM6611C 03000-01000-63320,
PERIPH-1,U17,TBD_LDO_5V_AVDD,待定,电源,MS1808 模拟 5V AVCC,SOT-223,1,待定,,periph_audio,03000-01010-12520,near,靠近 MS1808; 库内 AZ1117CH-5.0 SOT-223,
PERIPH-1,U18,OR-M611-TP-G-(HB),Orient,光耦,MIDI IN 电气隔离,SOP-5,1,已定,,periph_conn,03000-06000-04320,exact,原理图符号 feahi:OR-M611; Pin4-Pin6 旁路 0.1uF; 备选 OR-6N137S-TA1 03000-06000-03320,hardware/datasheets/OR-M6XX-(HB).pdf
PERIPH-1,U19,74HCU04D,Nexperia,逻辑IC,MIDI IN/OUT 六反相器,SOP-14,1,已定,,periph_conn,03000-14001-40520,exact,参考 Cherub NMA-3AAP; 74HCU04 无缓冲反相; 符号 74xx:74HC04,
PERIPH-1,J2,DS+24-1,金佳,连接器,MIDI IN,DIN-5,1,已定,,periph_conn,05000-01000-00030,exact,MIDI 输入座; 备选 DIN-504B 05000-08000-00130,
PERIPH-1,J3,DS+24-1,金佳,连接器,MIDI OUT,DIN-5,1,已定,,periph_conn,05000-01000-00030,exact,MIDI 输出座,
PERIPH-1,U19,TBD_USB_ESD,待定,保护,充电 USB-C ESD,SOT23-6,1,待定,,periph_power,03000-01001-32520,exact,可选; 同 CORE USBLC6-2SC6,
PERIPH-1,ENC1,EC11,待定,编码器,旋钮 A/B/SW → C6 GPIO,机械 带开关,1,已定,,periph_ui,04800-26000-00100,near,GPIO12/13/8 见 c6_gpio.csv; 库内 EC110201M2D 柄高13mm 升威,
PERIPH-1,J-LCD,FPC-TFT020,待定,连接器,LCD FPC 插座,FPC 0.5mm,1,待定,,periph_lcd,04900-12000-10100,near,pitch 依规格书; 库内 22PIN 0.5mm 翻盖下接触,
PERIPH-1,J-CBI,FEAHI-CBI-40,FEAHI,连接器,Core↔Periph 40pin 邮票孔,Castellation,1,已定,,periph_cbi,,none,v0.3; 项目专用,
PERIPH-1,J-TRS,TRS-3.5mm,待定,连接器,Line IN/OUT,3.5mm,2,待定,,periph_conn,05000-55000-00100,near,IN/OUT 各一或复用; 库内 PJ-3970-5A 双声道; 备选 PJ-31030-03 05000-10000-00100,
PERIPH-1,J-MIDI,DIN-5,待定,连接器,MIDI IN/OUT,DIN-5,2,待定,,periph_conn,05000-01000-00030,near,UART 经 CBI 接 Core; 库内 DS+24-1 MIDI座; 备选 DIN-504B 05000-08000-00130 [SP],
PERIPH-1,J-MIC,ECM-2P,待定,麦克风,驻极体 Mic,2pin,1,待定,,periph_conn,05700-36000-00100,near,→ MS1808 前端; 库内 φ6×5mm 带线; 备选 SMD CMO-413B 05700-15000-00100,
PERIPH-1,J-SPK,Speaker-Pad,待定,连接器,5W 喇叭,Pad,1,待定,,periph_audio,05500-36000-00100,near,接 Class-D 输出; 库内 8Ω 5W 36mm YD36N [SP]; 备选 4Ω5W 2寸 05500-10500-00000,
