net,c6_gpio,module_pin,direction,peripheral,notes
LCD_DB0,GPIO2,IO2,out,TFT020B107 FPC-7,PARLIO data[0]
LCD_DB1,GPIO3,IO3,out,TFT020B107 FPC-8,
LCD_DB2,GPIO14,IO14,out,TFT020B107 FPC-9,
LCD_DB3,GPIO20,IO20,out,TFT020B107 FPC-10,
LCD_DB4,GPIO21,IO21,out,TFT020B107 FPC-11,
LCD_DB5,GPIO22,IO22,out,TFT020B107 FPC-12,
LCD_DB6,GPIO23,IO23,out,TFT020B107 FPC-13,
LCD_DB7,GPIO19,IO19,out,TFT020B107 FPC-14,
LCD_WR,GPIO18,IO18,out,TFT020B107 FPC-16,PARLIO WR/CLK
LCD_RS,GPIO1,IO1,out,TFT020B107 FPC-17,DC/RS
LCD_CS,GPIO0,IO0,out,TFT020B107 FPC-18,
LCD_RST,GPIO15,IO15,out,TFT020B107 FPC-20,10k pull-up; strapping
LCD_BL,GPIO4,IO4,out,TFT020B107 FPC-1,LEDA PWM via NPN; 10k PU strapping
LCD_RD,—,—,—,TFT020B107 FPC-15,tie to IOVCC (write-only)
LCD_TE,NC,—,—,TFT020B107 FPC-19,optional NC
I2C_SDA,GPIO6,IO6,bidir,TCA8418 + IS31FL3733,
I2C_SCL,GPIO7,IO7,out,TCA8418 + IS31FL3733,
I2C_INT,GPIO5,IO5,in,TCA8418 INT#,10k PU; strapping MTDI
IPC_TX,GPIO16,TXD0,out,CBI Pin19 → Core IPC_RX,UART0 TX
IPC_RX,GPIO17,RXD0,in,CBI Pin18 ← Core IPC_TX,UART0 RX
C6_BOOT,GPIO9,IO9,in,CBI Pin20 + test pad,45k int PU; strap for download
ENC_A,GPIO12,IO12,in,Rotary encoder A,shared with USB_D-; no USB in prod
ENC_B,GPIO13,IO13,in,Rotary encoder B,shared with USB_D+
ENC_SW,GPIO8,IO8,in,Encoder switch,10k PU; strapping
C6_EN,EN,EN,in,Reset RC,10k PU + 100nF
C6_3V3,3V3,3,pwr,CBI +3V3 + bulk 10uF,
C6_GND,GND,multiple,gnd,—,
