net,class,from,to,cbi_pin,rp2350a_ref,notes
VBAT,power,CBI-1/2,DCDC in,1-2,—,From Periph battery
+5V,power,CBI-3,Optional sense/NC,3,—,
+3V3,power,LDO out,CBI-4,4,—,→Periph logic
GND,power,common,CBI-5..8,5-8,—,
I2S_MCLK,digital,RP2350 GP20,CBI-9,9,GPIO20 CLK_GPOUT,已定 GP20→CBI-9（方案 A）
I2S_BCLK,digital,RP2350 GP16,CBI-10,10,GPIO16 PIO I2S,
I2S_LRCLK,digital,RP2350 GP17,CBI-11,11,GPIO17 PIO I2S,
I2S_DOUT,digital,RP2350 GP18,CBI-12,12,GPIO18 PIO I2S,To MS4344
I2S_DIN,digital,CBI-13,RP2350 GP9,13,GPIO9 PIO I2S,From MS1808
HP_DETECT,digital,CBI-14,RP2350 GP14,14,GPIO14,
SPK_MUTE,digital,RP2350 GP15,CBI-15,15,GPIO15,
IPC_TX,digital,RP2350 GP4,CBI-18,18,GPIO4 UART1 TX,To C6 RX
IPC_RX,digital,CBI-19,RP2350 GP5,19,GPIO5 UART1 RX,From C6 TX
MIDI_TX,digital,RP2350 GP0,CBI-21,21,GPIO0 UART0 TX,
MIDI_RX,digital,CBI-22,RP2350 GP1,22,GPIO1 UART0 RX,
DEBUG_TX,digital,RP2350 GP2,CBI-23,23,GPIO2 PIO UART,USB-CDC 优先
DEBUG_RX,digital,CBI-24,RP2350 GP3,24,GPIO3 PIO UART,
AUD_BOOT,digital,CBI-25,QSPI_CSn net,25,QSPI_CSn,BOOTSEL; 非 GPIO
FLASH_CS,digital,RP2350 QSPI_CSn,U4 W25Q32JVSSIQ,—,QSPI_CSn,XIP CS0; 蔚科 03000-04000-08000
FLASH_CLK,digital,RP2350 QSPI_SCK,U4 W25Q32JVSSIQ,—,QSPI_SCK,
FLASH_DQ0..3,digital,RP2350 QSPI_SD0..3,U4 W25Q32JVSSIQ,—,QSPI_SD0..3,
NAND_CS,digital,RP2350 GP13,W25N01GV,—,GPIO13 SPI1 CS,On Core only
NAND_CLK,digital,RP2350 GP10,W25N01GV,—,GPIO10 SPI1 SCK,
NAND_MOSI,digital,RP2350 GP11,W25N01GV DI,—,GPIO11 SPI1 TX,
NAND_MISO,digital,W25N01GV DO,RP2350 GP12,—,GPIO12 SPI1 RX,
PSRAM_CS,digital,RP2350 GP8,APS6404L CE,—,GPIO8 QMI CS1n,
PSRAM_CLK,digital,RP2350 QSPI_SCK,APS6404L,—,QSPI_SCK,与 Flash 共线
PSRAM_DQ0..3,digital,RP2350 QSPI_SD0..3,APS6404L,—,QSPI_SD0..3,共线
USB_DP,digital,RP2350 USB,USB-C,—,USB_DP,
USB_DM,digital,RP2350 USB,USB-C,—,USB_DM,
