net,class,from,to,notes
VBAT,power,BAT+ / PMIC,SYS / Buck / Charger,3.0–4.2 V 锂电
+5V,power,PMIC SYS or Boost,Class-D / LCD BL / 模拟 5V,插线或电池升压
+3V3,power,LDO tree,RP2350 / C6 / MS1808·MS4344 数字 / I2C,分区去耦
GND,power,common,全板,模拟/数字分区后单点汇合
USB_VBUS,power,J1 Type-C,PMIC VIN,量产单口供电入口
USB_DP,digital,J1 (via ESD),RP2350 USB_DP,USB 2.0 Device 90Ω
USB_DM,digital,J1 (via ESD),RP2350 USB_DM,
I2S_MCLK,digital,RP2350 GP20,MS1808+MS4344 MCLK,12.288 MHz CLK_GPOUT0 (48k×256fs)
I2S_BCLK,digital,RP2350 GP16,MS1808+MS4344 BCLK,PIO I2S
I2S_LRCLK,digital,RP2350 GP17,MS1808+MS4344 LRCLK,
I2S_DOUT,digital,RP2350 GP18,MS4344 SDIN,播放
I2S_DIN,digital,MS1808 DOUT,RP2350 GP9,录音
IPC_TX,digital,RP2350 GP4,C6 UART RX,921600 交叉
IPC_RX,digital,C6 UART TX,RP2350 GP5,
MIDI_TX,digital,RP2350 GP0,MIDI OUT 驱动,31250
MIDI_RX,digital,MIDI IN 光耦,RP2350 GP1,
HP_DETECT,digital,TRS jack,RP2350 GP14,可选
SPK_MUTE,digital,RP2350 GP15,Amp ~MUTE,可选
FLASH_CS,digital,RP2350 QSPI_CSn,W25Q32,XIP CS0 + BOOTSEL 网络
FLASH_CLK,digital,RP2350 QSPI_SCK,W25Q32,
FLASH_DQ0..3,digital,RP2350 QSPI_SD0..3,W25Q32,
PSRAM_CS,digital,RP2350 GP8,APS6404L CE,QMI CS1
PSRAM_CLK,digital,RP2350 QSPI_SCK,APS6404L,与 Flash 共线
PSRAM_DQ0..3,digital,RP2350 QSPI_SD0..3,APS6404L,共线
I2C_SDA,digital,C6 GPIO6,IS31FL3729 U18,板内 400kHz；仅键下灯
I2C_SCL,digital,C6 GPIO7,IS31FL3729 U18,
MAT_C0,digital,RP2350 GPIO6,c6 矩阵列0,Pad 扫描输出；见 sp1_rp2350_pad_matrix.md
MAT_C1,digital,RP2350 GPIO7,c6 矩阵列1,
MAT_C2,digital,RP2350 GPIO19,c6 矩阵列2,
MAT_C3,digital,RP2350 GPIO21,c6 矩阵列3,
MAT_C4,digital,RP2350 GPIO23,c6 矩阵列4,
MAT_C5,digital,RP2350 GPIO24,c6 矩阵列5,
MAT_R0,digital,RP2350 GPIO10,c6 矩阵行0,输入上拉；v2
MAT_R1,digital,RP2350 GPIO11,c6 矩阵行1,
MAT_R2,digital,RP2350 GPIO12,c6 矩阵行2,
MAT_R3,digital,RP2350 GPIO13,c6 矩阵行3,
MAT_R4,digital,RP2350 GPIO14,c6 矩阵行4,
BATT_DET,analog,电池分压 R32/R33,RP2350 GPIO26,AIN0；Vadc=Vbat*470/1220
EXP_ADC1,analog,EC11 B 或 DNP,RP2350 GPIO27,AIN1 / ENC_B 复用
POW_DET,digital,电源键（二极管按键侧）,C6 GPIO12 / U9-17,低有效；R69 上拉到 3.3VD
POW_CTL,digital,C6 GPIO13 / U9-18,MP2637 EN 二极管或,高=保持开机；R35 下拉
NAND_SCLK,digital,RP2350 GPIO2,W25N CLK,SPI1 v2
NAND_MOSI,digital,RP2350 GPIO3,W25N DI,
NAND_CS,digital,RP2350 GPIO25,W25N #CS,
NAND_MISO,digital,W25N DO,RP2350 GPIO15,
LCD_DB0..7,digital,C6 GPIO2/3/14/20-23/19,J_LCD FPC 7-14,8080 板内
LCD_WR/RS/CS/RST,digital,C6 GPIO18/1/0/15,J_LCD FPC 16-18/20,
LCD_BL,digital,C6 GPIO4,Q_LCD1 基极经 R_LCD3,PWM 背光
LCD_TE,digital,C6 GPIO8,J_LCD FPC-19,ST7789 TE 输入；抗撕裂
LCD_LEDA/R4,+5V_LCD,R_LCD4,J_LCD FPC-1,限流→LEDA
LCD_LED_K,power,Q_LCD1 C,J_LCD FPC-2,LEDK 低边开关
+5V_LCD,power,power 页 5V 树,c6 层次输入,背光; 见 sp1_lcd.md
ENC_A,digital,EC11 A,RP2350 GPIO22,见 sp1_encoder.md v2
ENC_B,digital,EC11 B,RP2350 GPIO27,与 EXP_ADC1 复用
ENC_SW,digital,EC11 SW,矩阵 row4 col2,经 MAT_C2/MAT_R4
MIC_P,analog,ECM,MS1808 前端,—
LINE_IN_L/R,analog,TRS,MS1808,—
LINE_OUT_L/R,analog,MS4344,Vol pot → Amp/TRS,—
SPK+/SPK-,analog,Class-D,Speaker pad,—
