pin,row,x_mm,y_mm,signal,core_pad_type,periph_pad_type
1,outer,0.87,0,VBAT,castellation,smd
2,outer,3.41,0,VBAT,castellation,smd
3,outer,5.95,0,+5V,castellation,smd
4,outer,8.49,0,+3V3,castellation,smd
5,outer,11.03,0,GND,castellation,smd
6,outer,13.57,0,GND,castellation,smd
7,outer,16.11,0,GND,castellation,smd
8,outer,18.65,0,GND,castellation,smd
9,outer,21.19,0,I2S_MCLK,castellation,smd
10,outer,23.73,0,I2S_BCLK,castellation,smd
11,outer,26.27,0,I2S_LRCLK,castellation,smd
12,outer,28.81,0,I2S_DOUT,castellation,smd
13,outer,31.35,0,I2S_DIN,castellation,smd
14,outer,33.89,0,HP_DETECT,castellation,smd
15,outer,36.43,0,SPK_MUTE,castellation,smd
16,outer,38.97,0,NC,castellation,smd
17,outer,41.51,0,NC,castellation,smd
18,outer,44.05,0,IPC_TX,castellation,smd
19,outer,46.59,0,IPC_RX,castellation,smd
20,outer,49.13,0,C6_BOOT,castellation,smd
21,inner,0.87,2.54,MIDI_TX,pth,smd
22,inner,3.41,2.54,MIDI_RX,pth,smd
23,inner,5.95,2.54,DEBUG_TX,pth,smd
24,inner,8.49,2.54,DEBUG_RX,pth,smd
25,inner,11.03,2.54,AUD_BOOT,pth,smd
26,inner,13.57,2.54,NC,pth,smd
27,inner,16.11,2.54,NC,pth,smd
28,inner,18.65,2.54,NC,pth,smd
29,inner,21.19,2.54,NC,pth,smd
30,inner,23.73,2.54,NC,pth,smd
31,inner,26.27,2.54,NC,pth,smd
32,inner,28.81,2.54,NC,pth,smd
33,inner,31.35,2.54,NC,pth,smd
34,inner,33.89,2.54,NC,pth,smd
35,inner,36.43,2.54,NC,pth,smd
36,inner,38.97,2.54,NC,pth,smd
37,inner,41.51,2.54,NC,pth,smd
38,inner,44.05,2.54,NC,pth,smd
39,inner,46.59,2.54,NC,pth,smd
40,inner,49.13,2.54,SHIELD,pth,smd
